test,predict
3.439888889,3.5275438
3.566666667,3.52468
3.6527777780000004,3.5370464
4.180555556,3.4568558
3.887,3.3000636
3.747111111,3.211604
3.7238888889999995,3.1000483
3.6333333329999995,3.0478125
3.439555556,3.0490372
3.402666667,3.1270223
3.162777778,3.1497793
3.145888889,3.270621
3.336222222,3.164987
3.028777778,3.1803381
2.881555556,3.2145908
2.794666667,3.2686105
2.818555556,3.3230731
2.762222222,3.140414
2.901111111,2.9845648
2.9221111109999995,2.9678679
2.893666667,2.8956943
2.941111111,3.0583966
2.9066666670000005,3.534554
