test,predict
3.439888889,3.549151
3.566666667,3.477771
3.6527777780000004,3.4680042
4.180555556,3.5537472
3.887,3.483774
3.747111111,3.2740211
3.7238888889999995,3.181145
3.6333333329999995,3.190466
3.439555556,3.1311142
3.402666667,3.208885
3.162777778,3.20053
3.145888889,3.1903734
3.336222222,3.115339
3.028777778,3.0778196
2.881555556,3.1144524
2.794666667,3.1985588
2.818555556,3.2618384
2.762222222,3.1847436
2.901111111,3.1519406
2.9221111109999995,3.0966222
2.893666667,3.191378
2.941111111,3.3097632
2.9066666670000005,3.6448336
