test,predict
3.6432222219999995,3.5446694
3.383777778,3.4696655
3.339777778,3.4211297
4.044,3.2831173
3.680888889,3.37722
3.424777778,3.3102179
3.466111111,3.24337
3.470333333,3.0600526
3.522222222,3.161435
3.398666667,3.276959
3.265777778,3.4668624
3.177222222,3.4787986
3.268555556,3.3581598
3.263222222,3.1101398
3.061888889,3.044255
3.212666667,3.149566
3.219111111,3.2070973
3.1401111110000004,3.2038991
3.081222222,3.1246502
3.1951111110000006,2.9228163
3.164777778,2.8063142
3.287888889,2.805436
3.361111111,2.7937384
